y_positions,T_true,T_pinn,T_analytical
0.0,350.0,350.699677718293,350.0
0.005025125628140704,350.0002512562814,350.46256809773774,350.0002609708823
0.010050251256281407,350.00050251256283,350.03031769752295,350.00052194176465
0.015075376884422112,350.0007537688442,349.6772853799914,350.00078291264697
0.020100502512562814,350.0010050251256,350.3501166819324,350.0010438835293
0.02512562814070352,350.00125628140705,350.1979989741179,350.0013048544116
0.030150753768844223,350.00150753768844,350.4491041477023,350.00156582529394
0.035175879396984924,350.0017587939698,350.3193446948108,350.00182679617626
0.04020100502512563,350.0020100502513,350.52678640791095,350.0020877670586
0.04522613065326633,350.00226130653266,349.7346437007524,350.0023487379409
0.05025125628140704,350.00251256281405,350.6612095956312,350.00260970882323
0.05527638190954774,350.0027638190955,350.1015636214417,350.00287067970555
0.06030150753768845,350.0030150753769,351.0406455116895,350.0031316505879
0.06532663316582915,350.00326633165827,349.6586724226135,350.0033926214702
0.07035175879396985,350.0035175879397,350.87149948952236,350.0036535923525
0.07537688442211056,350.0037688442211,350.10272423595245,350.00391456323484
0.08040201005025126,350.0040201005025,349.67831109869525,350.00417553411717
0.08542713567839197,350.00427135678393,349.76232843975674,350.0044365049995
0.09045226130653267,350.0045226130653,349.84434895896817,350.0046974758818
0.09547738693467336,350.0047738693467,350.21685684254766,350.00495844676414
0.10050251256281408,350.00502512562815,350.2664428696459,350.00521941764646
0.10552763819095477,350.00527638190954,349.71842637994024,350.0054803885288
0.11055276381909548,350.0055276381909,349.9933503420604,350.0057413594111
0.11557788944723618,350.00577889447237,351.0769140737783,350.0060023302934
0.1206030150753769,350.00603015075376,350.8698017358041,350.00626330117575
0.1256281407035176,350.0062814070352,350.2244432418722,350.0065242720581
0.1306532663316583,350.0065326633166,350.0255344024007,350.0067852429404
0.135678391959799,350.006783919598,350.0667995829571,350.0070462138227
0.1407035175879397,350.0070351758794,350.3137941622446,350.00730718470504
0.14572864321608042,350.0072864321608,349.4958901495616,350.00756815558736
0.15075376884422112,350.0075376884422,349.8788494197305,350.0078291264697
0.15577889447236182,350.00778894472364,349.17349690778485,350.008090097352
0.16080402010050251,350.00804020100503,350.20765176230765,350.00835106823433
0.1658291457286432,350.0082914572864,350.3318894271378,350.00861203911666
0.17085427135678394,350.00854271356786,349.76694948241817,350.008873009999
0.17587939698492464,350.00879396984925,350.79578735149425,350.0091339808813
0.18090452261306533,350.00904522613064,349.39616239462947,350.0093949517636
0.18592964824120603,350.0092964824121,349.2771090423072,350.00965592264595
0.19095477386934673,350.00954773869347,350.12177364797344,350.00991689352827
0.19597989949748745,350.00979899497486,350.53334814628096,350.0101778644106
0.20100502512562815,350.0100502512563,350.8520140969852,350.0104388352929
0.20603015075376885,350.0103015075377,349.7808593761032,350.01069980617524
0.21105527638190955,350.0105527638191,350.54989318053475,350.01096077705756
0.21608040201005024,350.0108040201005,349.9915497853502,350.0112217479399
0.22110552763819097,350.0110552763819,349.9247416264115,350.0114827188222
0.22613065326633167,350.0113065326633,350.4531365014066,350.01174368970453
0.23115577889447236,350.01155778894474,350.33771922815146,350.01200466058685
0.23618090452261306,350.01180904522613,349.223612966734,350.0122656314692
0.2412060301507538,350.0120603015075,350.7503304763705,350.0125266023515
0.24623115577889448,350.01231155778896,350.7023572348627,350.0127875732338
0.2512562814070352,350.01256281407035,349.69978146331556,350.01304854411615
0.2562814070351759,350.01281407035174,350.21071583707044,350.01330951499847
0.2613065326633166,350.0130653266332,350.26008041977457,350.0135704858808
0.2663316582914573,350.01331658291457,350.1436534658265,350.0138314567631
0.271356783919598,350.01356783919596,349.73841526227324,350.01409242764544
0.27638190954773867,350.0138190954774,349.67800741150836,350.01435339852776
0.2814070351758794,350.0140703517588,350.00129331626306,350.0146143694101
0.2864321608040201,350.0143216080402,350.60068611766985,350.0148753402924
0.29145728643216084,350.0145728643216,350.2863729416188,350.01513631117473
0.2964824120603015,350.014824120603,349.82951695455995,350.01539728205705
0.30150753768844224,350.0150753768844,350.4009247322086,350.0156582529394
0.3065326633165829,350.01532663316584,348.5910553228508,350.0159192238217
0.31155778894472363,350.01557788944723,350.5899607396333,350.016180194704
0.3165829145728643,350.0158291457286,349.1459722563396,350.01644116558634
0.32160804020100503,350.01608040201006,349.8348599313085,350.01670213646867
0.32663316582914576,350.01633165829145,349.4564967109784,350.016963107351
0.3316582914572864,350.01658291457284,349.36924217671236,350.0172240782333
0.3366834170854272,350.0168341708543,350.5972475645435,350.01748504911563
0.3417085427135679,350.01708542713567,349.7832348264797,350.01774601999796
0.3467336683417086,350.0173366834171,350.1905886242825,350.0180069908803
0.35175879396984927,350.0175879396985,349.9941276502589,350.0182679617626
0.35678391959799,350.0178391959799,350.25635960959147,350.0185289326449
0.36180904522613067,350.01809045226133,350.05650139779146,350.01878990352725
0.3668341708542714,350.0183417085427,349.37684559644845,350.0190508744096
0.37185929648241206,350.0185929648241,350.51672637454766,350.0193118452919
0.3768844221105528,350.01884422110555,349.7719659295249,350.0195728161742
0.38190954773869346,350.01909547738694,349.2408045280571,350.01983378705654
0.3869346733668342,350.0193467336683,349.80528915318536,350.02009475793886
0.3919597989949749,350.0195979899498,350.76997788526694,350.0203557288212
0.39698492462311563,350.01984924623116,350.4449601172879,350.0206166997035
0.4020100502512563,350.02010050251255,349.8457744353086,350.02087767058583
0.407035175879397,350.020351758794,349.84572290663476,350.02113864146816
0.4120603015075377,350.0206030150754,349.8597854894667,350.0213996123505
0.4170854271356784,350.02085427135677,351.0592282631372,350.0216605832328
0.4221105527638191,350.0211055276382,350.212073253754,350.0219215541151
0.4271356783919598,350.0213567839196,350.2363776075151,350.02218252499745
0.4321608040201005,350.021608040201,350.5367497672169,350.02244349587977
0.4371859296482412,350.02185929648243,350.1412538759957,350.0227044667621
0.44221105527638194,350.0221105527638,349.8925894798535,350.0229654376444
0.44723618090452266,350.0223618090452,349.9241868845027,350.02322640852674
0.45226130653266333,350.02261306532665,349.98681243561964,350.02348737940906
0.45728643216080406,350.02286432160804,350.00425320335313,350.0237483502914
0.4623115577889447,350.0231155778894,350.38693034970794,350.0240093211737
0.46733668341708545,350.0233668341709,350.0493397770745,350.02427029205603
0.4723618090452261,350.02361809045226,350.38993812906006,350.02453126293835
0.47738693467336685,350.02386934673365,349.98351105667933,350.0247922338207
0.4824120603015076,350.0241206030151,350.0634381981731,350.025053204703
0.48743718592964824,350.0243718592965,349.02527151703043,350.0253141755853
0.49246231155778897,350.02462311557787,350.48278695292913,350.02557514646765
0.49748743718592975,350.0248743718593,350.1981186098083,350.02583611734997
0.5025125628140704,350.0251256281407,350.52413068307055,350.0260970882323
0.507537688442211,350.0253768844221,348.57724919532524,350.0263580591146
0.5125628140703518,350.02562814070353,351.06981549309387,350.02661902999694
0.5175879396984926,350.0258793969849,349.95608458290735,350.02688000087926
0.5226130653266332,350.0261306532663,350.5802220616351,350.0271409717616
0.5276381909547739,350.02638190954775,349.50642894598496,350.0274019426439
0.5326633165829145,350.02663316582914,350.3330201183604,350.0276629135262
0.5376884422110554,350.0268844221105,349.5001766405237,350.02792388440855
0.542713567839196,350.02713567839197,349.7152511980441,350.0281848552909
0.5477386934673367,350.02738693467336,350.98440261160675,350.0284458261732
0.5527638190954773,350.02763819095475,349.9322969905731,350.0287067970555
0.5577889447236182,350.0278894472362,350.13660588382606,350.02896776793784
0.5628140703517588,350.0281407035176,350.463174568862,350.02922873882017
0.5678391959798995,350.02839195979897,350.2762329037853,350.0294897097025
0.5728643216080402,350.0286432160804,350.1038526686522,350.0297506805848
0.577889447236181,350.0288944723618,350.2113749735949,350.03001165146713
0.5829145728643217,350.02914572864324,351.23085352126236,350.03027262234946
0.5879396984924623,350.02939698492463,350.00058758640785,350.0305335932318
0.592964824120603,350.029648241206,350.1301977645635,350.0307945641141
0.5979899497487438,350.02989949748746,350.5552266954913,350.0310555349964
0.6030150753768845,350.03015075376885,350.58291372024786,350.03131650587875
0.6080402010050251,350.03040201005024,350.6239171628304,350.0315774767611
0.6130653266331658,350.0306532663317,350.35001837734626,350.0318384476434
0.6180904522613065,350.03090452261307,349.45940206624783,350.0320994185257
0.6231155778894473,350.03115577889446,350.847871545045,350.03236038940804
0.628140703517588,350.0314070351759,349.45823433866656,350.03262136029036
0.6331658291457286,350.0316582914573,350.1829760240768,350.0328823311727
0.6381909547738694,350.0319095477387,349.654771622729,350.033143302055
0.6432160804020101,350.0321608040201,350.0000916307236,350.03340427293733
0.6482412060301508,350.0324120603015,350.19679326545327,350.03366524381966
0.6532663316582915,350.0326633165829,350.193341924308,350.033926214702
0.6582914572864322,350.03291457286434,350.243874949982,350.0341871855843
0.6633165829145728,350.03316582914573,350.84002146367504,350.0344481564666
0.6683417085427136,350.0334170854271,350.2601842361841,350.03470912734895
0.6733668341708544,350.03366834170856,349.91159002406323,350.03497009823127
0.678391959798995,350.03391959798995,350.5159631821341,350.0352310691136
0.6834170854271358,350.03417085427134,350.62890609873364,350.0354920399959
0.6884422110552764,350.0344221105528,349.42061820298426,350.03575301087824
0.6934673366834172,350.03467336683417,350.3333734017591,350.03601398176056
0.6984924623115578,350.03492462311556,350.385510994271,350.0362749526429
0.7035175879396985,350.035175879397,349.886394127717,350.0365359235252
0.7085427135678392,350.0354271356784,350.7232805423342,350.03679689440753
0.71356783919598,350.0356783919598,349.9606505984435,350.03705786528985
0.7185929648241206,350.0359296482412,350.098717874977,350.0373188361722
0.7236180904522613,350.0361809045226,349.9496449923807,350.0375798070545
0.7286432160804021,350.036432160804,350.04422168459473,350.0378407779368
0.7336683417085428,350.03668341708544,349.48854587363786,350.03810174881914
0.7386934673366835,350.03693467336683,349.3169092320697,350.03836271970147
0.7437185929648241,350.0371859296482,350.83443846126073,350.0386236905838
0.7487437185929648,350.03743718592966,349.6139565117705,350.0388846614661
0.7537688442211056,350.03768844221105,349.5419922674829,350.03914563234844
0.7587939698492463,350.03793969849244,348.9612446416906,350.03940660323076
0.7638190954773869,350.0381909547739,349.71871008092916,350.0396675741131
0.7688442211055276,350.03844221105527,349.37689731435154,350.0399285449954
0.7738693467336684,350.03869346733666,350.8597010474048,350.0401895158777
0.7788944723618091,350.0389447236181,350.5438532682894,350.04045048676005
0.7839195979899498,350.0391959798995,349.6951208073106,350.0407114576424
0.7889447236180904,350.0394472361809,351.16566513885306,350.0409724285247
0.7939698492462313,350.0396984924623,350.5305812359581,350.041233399407
0.7989949748743719,350.0399497487437,349.8775340569894,350.04149437028934
0.8040201005025126,350.04020100502515,348.7904981475884,350.04175534117167
0.8090452261306533,350.04045226130654,351.18592354760193,350.042016312054
0.814070351758794,350.04070351758793,349.3459172842061,350.0422772829363
0.8190954773869347,350.0409547738694,349.21825540039094,350.04253825381863
0.8241206030150754,350.04120603015076,350.55249124615557,350.04279922470096
0.8291457286432162,350.04145728643215,351.2613334896018,350.0430601955833
0.8341708542713568,350.0417085427136,350.7338449519689,350.0433211664656
0.8391959798994976,350.041959798995,350.32391435902116,350.0435821373479
0.8442211055276382,350.04221105527637,350.339588226109,350.04384310823025
0.849246231155779,350.0424623115578,350.46917009094796,350.04410407911257
0.8542713567839196,350.0427135678392,350.4221778627326,350.0443650499949
0.8592964824120604,350.0429648241206,350.1835605361053,350.0446260208772
0.864321608040201,350.04321608040203,350.09531663237794,350.04488699175954
0.8693467336683418,350.0434673366834,350.01217077273367,350.04514796264186
0.8743718592964824,350.0437185929648,349.6667362985315,350.0454089335242
0.8793969849246231,350.04396984924625,349.90363231081284,350.0456699044065
0.8844221105527639,350.04422110552764,349.1977426984299,350.04593087528883
0.8894472361809046,350.044472361809,349.99530254841164,350.04619184617115
0.8944723618090453,350.0447236180905,349.550428064515,350.0464528170535
0.8994974874371859,350.04497487437186,349.49318021576397,350.0467137879358
0.9045226130653267,350.04522613065325,350.13517320623,350.0469747588181
0.9095477386934674,350.0454773869347,350.741478530107,350.04723572970045
0.9145728643216081,350.0457286432161,350.50488694621725,350.04749670058277
0.9195979899497487,350.04597989949747,349.2607295976859,350.0477576714651
0.9246231155778895,350.0462311557789,349.55141708749375,350.0480186423474
0.9296482412060302,350.0464824120603,350.5168680060544,350.04827961322974
0.9346733668341709,350.0467336683417,349.5554899715725,350.04854058411206
0.9396984924623116,350.04698492462313,349.93466834962464,350.0488015549944
0.9447236180904522,350.0472361809045,350.3222622304168,350.0490625258767
0.9497487437185931,350.0474874371859,349.5633152097541,350.04932349675903
0.9547738693467337,350.04773869346735,350.1004264465403,350.04958446764135
0.9597989949748744,350.04798994974874,349.3809772022896,350.0498454385237
0.9648241206030151,350.0482412060301,349.7475573840545,350.050106409406
0.9698492462311559,350.0484924623116,350.2083834293828,350.0503673802883
0.9748743718592965,350.04874371859296,349.2522468518271,350.05062835117064
0.9798994974874373,350.04899497487435,350.2692323438545,350.05088932205297
0.9849246231155779,350.0492462311558,350.0394273316924,350.0511502929353
0.9899497487437187,350.0494974874372,350.32574246464577,350.0514112638176
0.9949748743718595,350.04974874371857,350.1617058107509,350.05167223469994
1.0,350.05,350.73207021498695,350.05193320558226
